{
  "before": {
    "num_traces": 1068,
    "num_clusters": 1,
    "noise_points": 0,
    "value_stats": {
      "mean": 16.03713327091136,
      "std": 26.418654533016277,
      "min": 0.375,
      "max": 505.0
    }
  },
  "after": {
    "num_selected": 393,
    "value_stats": {
      "mean": 19.488361807827456,
      "std": 37.683451191150255,
      "min": 0.375,
      "max": 505.0
    }
  }
}