{
  "331": {
    "0": {
      "mean": -0.8333333333333334,
      "std": 2.763853991962833,
      "min": -10.0,
      "max": 0.0,
      "percentiles": {
        "25": 0.0,
        "50": 0.0,
        "75": 0.0
      }
    },
    "1": {
      "mean": 28.42105263157895,
      "std": 39.90292930742077,
      "min": -10.0,
      "max": 150.0,
      "percentiles": {
        "25": -10.0,
        "50": 30.0,
        "75": 60.0
      }
    },
    "2": {
      "mean": 72.59574468085107,
      "std": 57.111186657840754,
      "min": -20.0,
      "max": 305.0,
      "percentiles": {
        "25": 50.0,
        "50": 60.0,
        "75": 122.0
      }
    },
    "3": {
      "mean": 91.63218390804597,
      "std": 74.86111507587205,
      "min": -20.0,
      "max": 295.0,
      "percentiles": {
        "25": 50.0,
        "50": 112.0,
        "75": 122.0
      }
    },
    "4": {
      "mean": 81.66666666666667,
      "std": 43.918548346784966,
      "min": -30.0,
      "max": 146.0,
      "percentiles": {
        "25": 50.0,
        "50": 102.0,
        "75": 112.0
      }
    },
    "5": {
      "mean": 81.90350877192982,
      "std": 42.60239868426931,
      "min": -30.0,
      "max": 175.0,
      "percentiles": {
        "25": 51.0,
        "50": 92.0,
        "75": 109.5
      }
    },
    "6": {
      "mean": 98.49019607843137,
      "std": 40.84901541954061,
      "min": -30.0,
      "max": 193.0,
      "percentiles": {
        "25": 74.25,
        "50": 93.0,
        "75": 120.0
      }
    },
    "7": {
      "mean": 118.77235772357723,
      "std": 48.30960668120961,
      "min": 20.0,
      "max": 243.0,
      "percentiles": {
        "25": 85.0,
        "50": 117.0,
        "75": 161.0
      }
    },
    "8": {
      "mean": 122.20529801324503,
      "std": 43.629432601737996,
      "min": 12.0,
      "max": 260.0,
      "percentiles": {
        "25": 91.0,
        "50": 113.0,
        "75": 148.5
      }
    },
    "9": {
      "mean": 136.0857142857143,
      "std": 55.33953452670752,
      "min": 13.0,
      "max": 390.0,
      "percentiles": {
        "25": 95.25,
        "50": 129.0,
        "75": 167.0
      }
    },
    "10": {
      "mean": 137.28,
      "std": 60.7671753498548,
      "min": 43.0,
      "max": 324.0,
      "percentiles": {
        "25": 92.0,
        "50": 127.0,
        "75": 174.0
      }
    },
    "11": {
      "mean": 161.55244755244755,
      "std": 67.5085778876661,
      "min": 11.0,
      "max": 331.0,
      "percentiles": {
        "25": 107.0,
        "50": 155.0,
        "75": 205.5
      }
    },
    "12": {
      "mean": 180.1869918699187,
      "std": 87.83755790523796,
      "min": 11.0,
      "max": 471.0,
      "percentiles": {
        "25": 125.0,
        "50": 157.0,
        "75": 229.5
      }
    },
    "13": {
      "mean": 200.7433628318584,
      "std": 107.76176434235887,
      "min": 31.0,
      "max": 468.0,
      "percentiles": {
        "25": 117.0,
        "50": 178.0,
        "75": 259.0
      }
    },
    "14": {
      "mean": 230.2396694214876,
      "std": 121.87332705651636,
      "min": 21.0,
      "max": 460.0,
      "percentiles": {
        "25": 141.0,
        "50": 182.0,
        "75": 345.0
      }
    },
    "15": {
      "mean": 273.64885496183206,
      "std": 131.07237809781128,
      "min": 47.0,
      "max": 485.0,
      "percentiles": {
        "25": 144.0,
        "50": 261.0,
        "75": 402.5
      }
    },
    "16": {
      "mean": 307.5276073619632,
      "std": 124.25919441772818,
      "min": 51.0,
      "max": 467.0,
      "percentiles": {
        "25": 178.0,
        "50": 361.0,
        "75": 416.0
      }
    },
    "17": {
      "mean": 317.0220588235294,
      "std": 124.48331254286094,
      "min": 89.0,
      "max": 490.0,
      "percentiles": {
        "25": 184.5,
        "50": 378.5,
        "75": 422.25
      }
    },
    "18": {
      "mean": 333.0285714285714,
      "std": 106.0971214674247,
      "min": 108.0,
      "max": 467.0,
      "percentiles": {
        "25": 244.0,
        "50": 368.0,
        "75": 422.5
      }
    },
    "19": {
      "mean": 354.3014705882353,
      "std": 101.19654143219209,
      "min": 76.0,
      "max": 478.0,
      "percentiles": {
        "25": 334.75,
        "50": 396.0,
        "75": 419.25
      }
    },
    "20": {
      "mean": 364.0,
      "std": 98.26873034099839,
      "min": 82.0,
      "max": 511.0,
      "percentiles": {
        "25": 346.0,
        "50": 396.0,
        "75": 428.0
      }
    },
    "21": {
      "mean": 372.1666666666667,
      "std": 93.7838048214276,
      "min": 68.0,
      "max": 505.0,
      "percentiles": {
        "25": 341.25,
        "50": 402.5,
        "75": 431.0
      }
    },
    "22": {
      "mean": 410.49514563106794,
      "std": 70.09395550112951,
      "min": 119.0,
      "max": 543.0,
      "percentiles": {
        "25": 377.0,
        "50": 421.0,
        "75": 463.5
      }
    },
    "23": {
      "mean": 426.56043956043953,
      "std": 78.46693274158689,
      "min": 144.0,
      "max": 551.0,
      "percentiles": {
        "25": 408.5,
        "50": 444.0,
        "75": 470.0
      }
    },
    "24": {
      "mean": 433.8958333333333,
      "std": 73.71460720896654,
      "min": 170.0,
      "max": 559.0,
      "percentiles": {
        "25": 417.0,
        "50": 458.0,
        "75": 473.0
      }
    },
    "25": {
      "mean": 445.6363636363636,
      "std": 53.08644647080902,
      "min": 184.0,
      "max": 521.0,
      "percentiles": {
        "25": 427.0,
        "50": 460.0,
        "75": 471.0
      }
    },
    "26": {
      "mean": 465.57142857142856,
      "std": 59.83673933420554,
      "min": 195.0,
      "max": 580.0,
      "percentiles": {
        "25": 452.75,
        "50": 467.5,
        "75": 500.75
      }
    },
    "27": {
      "mean": 474.1392405063291,
      "std": 57.05088427791039,
      "min": 242.0,
      "max": 600.0,
      "percentiles": {
        "25": 443.0,
        "50": 477.0,
        "75": 504.0
      }
    },
    "28": {
      "mean": 495.9647058823529,
      "std": 80.11278036527425,
      "min": 232.0,
      "max": 664.0,
      "percentiles": {
        "25": 462.0,
        "50": 516.0,
        "75": 541.0
      }
    },
    "29": {
      "mean": 524.5060240963855,
      "std": 71.42160138524727,
      "min": 263.0,
      "max": 691.0,
      "percentiles": {
        "25": 478.0,
        "50": 523.0,
        "75": 558.5
      }
    },
    "30": {
      "mean": 537.560975609756,
      "std": 59.24877225464112,
      "min": 285.0,
      "max": 700.0,
      "percentiles": {
        "25": 501.75,
        "50": 541.0,
        "75": 575.75
      }
    },
    "31": {
      "mean": 522.7037037037037,
      "std": 60.31126963961078,
      "min": 309.0,
      "max": 667.0,
      "percentiles": {
        "25": 485.25,
        "50": 523.0,
        "75": 564.25
      }
    },
    "32": {
      "mean": 529.2824427480916,
      "std": 73.47422820844649,
      "min": 341.0,
      "max": 690.0,
      "percentiles": {
        "25": 475.5,
        "50": 528.0,
        "75": 583.0
      }
    },
    "33": {
      "mean": 533.5,
      "std": 76.69745758498127,
      "min": 317.0,
      "max": 665.0,
      "percentiles": {
        "25": 488.75,
        "50": 550.0,
        "75": 589.75
      }
    },
    "34": {
      "mean": 554.49,
      "std": 75.93661764919479,
      "min": 269.0,
      "max": 747.0,
      "percentiles": {
        "25": 500.0,
        "50": 568.5,
        "75": 605.5
      }
    },
    "35": {
      "mean": 579.0338983050848,
      "std": 92.30613511418659,
      "min": 259.0,
      "max": 793.0,
      "percentiles": {
        "25": 538.0,
        "50": 579.0,
        "75": 632.25
      }
    },
    "36": {
      "mean": 574.1851851851852,
      "std": 104.45705728938711,
      "min": 262.0,
      "max": 864.0,
      "percentiles": {
        "25": 507.0,
        "50": 579.0,
        "75": 634.0
      }
    },